{
  "index.html": 1731056407396,
  "test/integration/pages/RisksObjectPage.js": 1731056407496,
  "test/integration/pages/RisksList.js": 1731056407488,
  "test/integration/opaTests.qunit.js": 1731056407476,
  "test/integration/FirstJourney.js": 1731056407488,
  "test/testsuite.qunit.js": 1731056407468,
  "xs-app.json": 1731313792236,
  "manifest.json": 1731073013638,
  "Component.js": 1731056407396,
  "test/integration/pages/RisksList-dbg.js": 1731056407488,
  "test/integration/pages/RisksList.js.map": 1731313800581,
  "test/integration/pages/RisksObjectPage-dbg.js": 1731056407496,
  "test/integration/pages/RisksObjectPage.js.map": 1731313800576,
  "test/integration/opaTests.qunit-dbg.js": 1731056407476,
  "test/integration/opaTests.qunit.js.map": 1731313800575,
  "test/integration/FirstJourney-dbg.js": 1731056407488,
  "test/integration/FirstJourney.js.map": 1731313800574,
  "test/testsuite.qunit-dbg.js": 1731056407468,
  "test/testsuite.qunit.js.map": 1731313800576,
  "Component-dbg.js": 1731056407396,
  "Component.js.map": 1731313800577,
  "Component-preload.js": 1731313800784,
  "Component-preload.js.map": 1731313800784,
  "test/integration/opaTests.qunit.html": 1731056407476,
  "test/testsuite.qunit.html": 1731056407456,
  "test/flpSandbox.html": 1731056407456,
  "i18n/i18n.properties": 1731056435336
}